Material,Tau,MinLifespan,MaxLifespan,Trunc,Scale
charcoal,0.0294117647058824,20,1000,2000,2
peat,0.0294117647058824,20,10000,20000,3
wood,0.0294117647058824,20,1000,2000,2
